{
  "policy": "teacher",
  "seed_namespace": "final_test_6_000_000_plus",
  "seed_start": 6000000,
  "episodes_per_tier": 500,
  "tiers": {
    "1": {
      "successes": 500,
      "success_rate": 1.0,
      "wilson_95": [
        0.9923756595384479,
        1.0
      ],
      "median_duration_seconds": 15.691666666666666,
      "median_max_trace": 59.913333333333334,
      "mean_damage": 0.0,
      "mean_guard_damage": 0.0,
      "mean_drone_damage": 0.0,
      "mean_detections": 0.0,
      "optional_data_rate": 0.454,
      "mean_path_efficiency": 0.7205575373945124,
      "median_policy_latency_ms": null,
      "fail_reasons": {
        "none": 500
      }
    },
    "2": {
      "successes": 500,
      "success_rate": 1.0,
      "wilson_95": [
        0.9923756595384479,
        1.0
      ],
      "median_duration_seconds": 15.416666666666666,
      "median_max_trace": 59.913333333333334,
      "mean_damage": 0.0,
      "mean_guard_damage": 0.0,
      "mean_drone_damage": 0.0,
      "mean_detections": 0.356,
      "optional_data_rate": 0.126,
      "mean_path_efficiency": 0.74684630402042,
      "median_policy_latency_ms": null,
      "fail_reasons": {
        "none": 500
      }
    },
    "3": {
      "successes": 479,
      "success_rate": 0.958,
      "wilson_95": [
        0.9366484142456699,
        0.9723676898915483
      ],
      "median_duration_seconds": 30.416666666666664,
      "median_max_trace": 100.0,
      "mean_damage": 0.528,
      "mean_guard_damage": 0.528,
      "mean_drone_damage": 0.0,
      "mean_detections": 5.696,
      "optional_data_rate": 0.262,
      "mean_path_efficiency": 0.5371044708578092,
      "median_policy_latency_ms": null,
      "fail_reasons": {
        "none": 479,
        "integrity_lost": 21
      }
    },
    "4": {
      "successes": 481,
      "success_rate": 0.962,
      "wilson_95": [
        0.9414152274693561,
        0.9755398819441696
      ],
      "median_duration_seconds": 32.775,
      "median_max_trace": 87.78583333333293,
      "mean_damage": 0.568,
      "mean_guard_damage": 0.568,
      "mean_drone_damage": 0.0,
      "mean_detections": 4.91,
      "optional_data_rate": 0.204,
      "mean_path_efficiency": 0.6551347969530714,
      "median_policy_latency_ms": null,
      "fail_reasons": {
        "none": 481,
        "integrity_lost": 19
      }
    },
    "5": {
      "successes": 486,
      "success_rate": 0.972,
      "wilson_95": [
        0.9535535973250511,
        0.9832490252792436
      ],
      "median_duration_seconds": 36.224999999999994,
      "median_max_trace": 63.7291666666666,
      "mean_damage": 0.418,
      "mean_guard_damage": 0.362,
      "mean_drone_damage": 0.056,
      "mean_detections": 4.09,
      "optional_data_rate": 0.312,
      "mean_path_efficiency": 0.7162680905519284,
      "median_policy_latency_ms": null,
      "fail_reasons": {
        "none": 486,
        "integrity_lost": 14
      }
    },
    "6": {
      "successes": 444,
      "success_rate": 0.888,
      "wilson_95": [
        0.8573463119959378,
        0.9127371998058978
      ],
      "median_duration_seconds": 40.63333333333333,
      "median_max_trace": 100.0,
      "mean_damage": 0.948,
      "mean_guard_damage": 0.72,
      "mean_drone_damage": 0.228,
      "mean_detections": 8.42,
      "optional_data_rate": 0.256,
      "mean_path_efficiency": 0.5807087145212556,
      "median_policy_latency_ms": null,
      "fail_reasons": {
        "none": 444,
        "integrity_lost": 56
      }
    }
  }
}
