tier,successes,episodes,success_rate,wilson_low,wilson_high,median_duration_seconds,mean_damage,mean_detections,mean_path_efficiency
1,500,500,1.0,0.9923756595384479,1.0,15.691666666666666,0.0,0.0,0.7205575373945124
2,500,500,1.0,0.9923756595384479,1.0,15.416666666666666,0.0,0.356,0.74684630402042
3,479,500,0.958,0.9366484142456699,0.9723676898915483,30.416666666666664,0.528,5.696,0.5371044708578092
4,481,500,0.962,0.9414152274693561,0.9755398819441696,32.775,0.568,4.91,0.6551347969530714
5,486,500,0.972,0.9535535973250511,0.9832490252792436,36.224999999999994,0.418,4.09,0.7162680905519284
6,444,500,0.888,0.8573463119959378,0.9127371998058978,40.63333333333333,0.948,8.42,0.5807087145212556
