tier,episodes,security_stop_rate,security_stop_ci95_low,security_stop_ci95_high,runner_success_rate,mean_damage,mean_detections,mean_duration_seconds
3,25,0.0,1.3877787807814457e-17,0.13319225093904846,1.0,0.88,12.44,21.611333333333327
4,25,0.0,1.3877787807814457e-17,0.13319225093904846,1.0,0.76,30.12,27.31466666666667
5,25,0.0,1.3877787807814457e-17,0.13319225093904846,1.0,0.56,44.28,34.352666666666664
6,25,0.0,1.3877787807814457e-17,0.13319225093904846,1.0,0.92,57.24,34.05333333333334
