tier,episodes,security_stop_rate,security_stop_ci95_low,security_stop_ci95_high,runner_success_rate,mean_damage,mean_detections,mean_duration_seconds
3,25,0.04,0.007096233501987265,0.19544063736193734,0.96,0.84,13.2,23.449333333333335
4,25,0.0,1.3877787807814457e-17,0.13319225093904846,1.0,0.52,29.76,29.48266666666667
5,25,0.04,0.007096233501987265,0.19544063736193734,0.96,0.68,32.8,33.403999999999996
6,25,0.12,0.04166817150440358,0.2995579392092732,0.88,1.24,63.24,40.82666666666667
