tier,episodes,security_stop_rate,security_stop_ci95_low,security_stop_ci95_high,runner_success_rate,mean_damage,mean_detections,mean_duration_seconds
3,10,0.0,0.0,0.2775327998628892,1.0,0.5,11.0,22.215
4,10,0.0,0.0,0.2775327998628892,1.0,0.4,32.5,29.938333333333333
5,10,0.1,0.017876213095072896,0.4041500267952385,0.9,0.9,50.7,30.684999999999995
6,10,0.1,0.017876213095072896,0.4041500267952385,0.9,1.4,54.3,29.17166666666667
