tier,episodes,security_stop_rate,security_stop_ci95_low,security_stop_ci95_high,runner_success_rate,mean_damage,mean_detections,mean_duration_seconds
3,25,0.04,0.007096233501987265,0.19544063736193734,0.96,0.92,16.88,26.70466666666667
4,25,0.0,1.3877787807814457e-17,0.13319225093904846,1.0,0.44,20.96,27.241999999999997
5,25,0.08,0.022220401284847563,0.24966108950395313,0.92,1.16,46.96,33.696
6,25,0.16,0.0640345145667644,0.3465362160717886,0.84,1.6,60.32,36.91866666666667
