tier,episodes,security_stop_rate,security_stop_ci95_low,security_stop_ci95_high,runner_success_rate,mean_damage,mean_detections,mean_duration_seconds
3,25,0.04,0.007096233501987265,0.19544063736193734,0.96,0.84,13.12,23.684
4,25,0.0,1.3877787807814457e-17,0.13319225093904846,1.0,0.52,28.44,29.46866666666667
5,25,0.04,0.007096233501987265,0.19544063736193734,0.96,0.6,30.52,33.315333333333335
6,25,0.0,1.3877787807814457e-17,0.13319225093904846,1.0,1.04,55.64,40.70466666666667
