environment_fingerprint,checkpoint_sha256,validation_offset,tier,episodes,successes,success_rate,wilson_low,wilson_high,failure_reasons_json,mean_damage,mean_detections,median_duration_seconds,mean_path_efficiency,mean_policy_latency_ms,median_episode_policy_latency_ms,p95_episode_mean_policy_latency_ms
17d8617fd92015dc5a00b5314558fc7c0ff957685b12966efa5253806463739b,714ce2ad1855850eb8ae9aae5f302d230d9655634effa861dd092820901ca96f,3000,1,100,91,0.91,0.837737871472837,0.9519274599974348,"{""contract_expired"": 9}",0.0,0.0,13.65,0.7187136702834448,1.1813900134952766,1.192525,1.2966319659730035
17d8617fd92015dc5a00b5314558fc7c0ff957685b12966efa5253806463739b,714ce2ad1855850eb8ae9aae5f302d230d9655634effa861dd092820901ca96f,3000,2,100,85,0.85,0.7671644040916763,0.9069401471634337,"{""contract_expired"": 15}",0.0,0.77,12.116666666666667,0.8309075161349166,1.1711058479341003,1.1982,1.2625793135632182
17d8617fd92015dc5a00b5314558fc7c0ff957685b12966efa5253806463739b,714ce2ad1855850eb8ae9aae5f302d230d9655634effa861dd092820901ca96f,3000,3,100,92,0.92,0.8500189229905127,0.9589065385156194,"{""contract_expired"": 3, ""integrity_lost"": 5}",0.67,6.84,26.95,0.5191300118319702,1.2033446012763755,1.2064750000000002,1.2732203517488863
17d8617fd92015dc5a00b5314558fc7c0ff957685b12966efa5253806463739b,714ce2ad1855850eb8ae9aae5f302d230d9655634effa861dd092820901ca96f,3000,4,100,80,0.8,0.7111708344068411,0.8666330666689676,"{""contract_expired"": 16, ""integrity_lost"": 4}",0.45,6.02,31.708333333333336,0.6597492472532894,1.205199227933124,1.21505,1.2808820797655451
17d8617fd92015dc5a00b5314558fc7c0ff957685b12966efa5253806463739b,714ce2ad1855850eb8ae9aae5f302d230d9655634effa861dd092820901ca96f,3000,5,100,72,0.72,0.6251197129007884,0.7986031478881379,"{""contract_expired"": 27, ""integrity_lost"": 1}",0.35,4.66,36.00833333333333,0.7658050210766884,1.2102770740903663,1.2193,1.3017412301519233
17d8617fd92015dc5a00b5314558fc7c0ff957685b12966efa5253806463739b,714ce2ad1855850eb8ae9aae5f302d230d9655634effa861dd092820901ca96f,3000,6,100,41,0.41,0.3186731302113651,0.5079856994658921,"{""contract_expired"": 25, ""integrity_lost"": 34}",1.62,17.03,72.0,0.43929021564494336,1.1710420291970802,1.225625,1.2850920821137493
