environment_fingerprint,checkpoint_sha256,validation_offset,tier,episodes,successes,success_rate,wilson_low,wilson_high,failure_reasons_json,mean_damage,mean_detections,median_duration_seconds,mean_path_efficiency,mean_policy_latency_ms,median_episode_policy_latency_ms,p95_episode_mean_policy_latency_ms
17d8617fd92015dc5a00b5314558fc7c0ff957685b12966efa5253806463739b,2af8c4896720d681bcf9130c9403595c9fa8b030f5febedaf7fab516722cafe6,3000,1,100,73,0.73,0.6356788323205499,0.8073041585042365,"{""contract_expired"": 27}",0.0,0.0,14.675,0.7642770610729427,1.1855650068546808,1.1407500000000002,1.3882690996803253
17d8617fd92015dc5a00b5314558fc7c0ff957685b12966efa5253806463739b,2af8c4896720d681bcf9130c9403595c9fa8b030f5febedaf7fab516722cafe6,3000,2,100,77,0.77,0.6784561697712622,0.8415673411969654,"{""contract_expired"": 23}",0.0,0.92,12.466666666666665,0.8397577799174748,1.1286858909235076,1.111575,1.2809038070660521
17d8617fd92015dc5a00b5314558fc7c0ff957685b12966efa5253806463739b,2af8c4896720d681bcf9130c9403595c9fa8b030f5febedaf7fab516722cafe6,3000,3,100,84,0.84,0.7557973061072976,0.8990471151119521,"{""contract_expired"": 13, ""integrity_lost"": 3}",0.62,6.13,29.258333333333333,0.5657730566470734,1.0355788256415672,0.979375,1.235838150011279
17d8617fd92015dc5a00b5314558fc7c0ff957685b12966efa5253806463739b,2af8c4896720d681bcf9130c9403595c9fa8b030f5febedaf7fab516722cafe6,3000,4,100,82,0.82,0.7333264161369926,0.8829977450105364,"{""contract_expired"": 18}",0.31,5.29,27.916666666666664,0.6772855804983314,0.9863092548546274,0.94125,1.0937051630952381
17d8617fd92015dc5a00b5314558fc7c0ff957685b12966efa5253806463739b,2af8c4896720d681bcf9130c9403595c9fa8b030f5febedaf7fab516722cafe6,3000,5,100,65,0.65,0.5525444329688796,0.7363575175690247,"{""contract_expired"": 34, ""integrity_lost"": 1}",0.27,5.35,37.55833333333334,0.7687612260346056,1.0473859810522161,1.0360749999999999,1.116782282926829
17d8617fd92015dc5a00b5314558fc7c0ff957685b12966efa5253806463739b,2af8c4896720d681bcf9130c9403595c9fa8b030f5febedaf7fab516722cafe6,3000,6,100,35,0.35,0.26364248243097527,0.44745556703112027,"{""contract_expired"": 31, ""integrity_lost"": 34}",1.47,18.09,82.75833333333333,0.4175349560609382,1.0201938188238444,0.977725,1.149398373610877
