environment_fingerprint,checkpoint_sha256,validation_offset,tier,episodes,successes,success_rate,wilson_low,wilson_high,failure_reasons_json,mean_damage,mean_detections,median_duration_seconds,mean_path_efficiency,mean_policy_latency_ms,median_episode_policy_latency_ms,p95_episode_mean_policy_latency_ms
17d8617fd92015dc5a00b5314558fc7c0ff957685b12966efa5253806463739b,458aa28d14b0829481a56c96dcc97a9ab9af2c463c15beef94d4c3e86ab59deb,4000,1,100,98,0.98,0.929988209271456,0.9944980324498376,"{""contract_expired"": 2}",0.0,0.0,13.008333333333333,0.7328044546907884,1.0277627876310411,0.97505,1.1797558965820558
17d8617fd92015dc5a00b5314558fc7c0ff957685b12966efa5253806463739b,458aa28d14b0829481a56c96dcc97a9ab9af2c463c15beef94d4c3e86ab59deb,4000,2,100,100,1.0,0.9630065017930143,1.0,{},0.0,0.53,12.725000000000001,0.7791129636068477,1.1230180453455079,1.170925,1.226472347519902
17d8617fd92015dc5a00b5314558fc7c0ff957685b12966efa5253806463739b,458aa28d14b0829481a56c96dcc97a9ab9af2c463c15beef94d4c3e86ab59deb,4000,3,100,100,1.0,0.9630065017930143,1.0,{},0.18,5.91,25.166666666666668,0.5352343038169249,1.2370389537151978,1.2340499999999999,1.3721472065258395
17d8617fd92015dc5a00b5314558fc7c0ff957685b12966efa5253806463739b,458aa28d14b0829481a56c96dcc97a9ab9af2c463c15beef94d4c3e86ab59deb,4000,4,100,99,0.99,0.9455138038212946,0.9982325679358593,"{""contract_expired"": 1}",0.21,4.72,26.03333333333333,0.6548036560614446,1.1907271560411585,1.1968750000000001,1.249369548618266
17d8617fd92015dc5a00b5314558fc7c0ff957685b12966efa5253806463739b,458aa28d14b0829481a56c96dcc97a9ab9af2c463c15beef94d4c3e86ab59deb,4000,5,100,95,0.95,0.8882495307680808,0.9784563208456319,"{""contract_expired"": 5}",0.25,4.91,29.491666666666667,0.7221322769807705,1.143168342770857,1.1752,1.2116325661172682
17d8617fd92015dc5a00b5314558fc7c0ff957685b12966efa5253806463739b,458aa28d14b0829481a56c96dcc97a9ab9af2c463c15beef94d4c3e86ab59deb,4000,6,100,94,0.94,0.8752318455410406,0.9722138760368118,"{""contract_expired"": 3, ""integrity_lost"": 3}",0.65,11.79,41.24166666666667,0.5487410158347569,1.0849119477967484,1.117875,1.2273170556887096
