environment_fingerprint,checkpoint_sha256,seed_start,tier,episodes,successes,success_rate,wilson_low,wilson_high,median_duration_seconds,median_max_trace,mean_damage,mean_guard_damage,mean_drone_damage,mean_detections,optional_data_rate,mean_path_efficiency,mean_policy_latency_ms,failure_reasons_json
521c449a8bd9a540977a918f5b094dd3aeff44cc579a55f75e22a74bab20e129,76baa30af55cdaa2e71bb6ba06672bd9203455552358017505685827240b2e47,8000000,1,500,499,0.998,0.9887592932948532,0.9996468636054407,12.975,59.913333333333334,0.0,0.0,0.0,0.0,0.718,0.7137388514436088,1.4545553330685972,"{""contract_expired"": 1}"
521c449a8bd9a540977a918f5b094dd3aeff44cc579a55f75e22a74bab20e129,76baa30af55cdaa2e71bb6ba06672bd9203455552358017505685827240b2e47,8000000,2,500,500,1.0,0.9923756595384479,1.0,12.725,59.913333333333334,0.0,0.0,0.0,0.518,0.076,0.7901478764130864,1.6627708780200023,{}
521c449a8bd9a540977a918f5b094dd3aeff44cc579a55f75e22a74bab20e129,76baa30af55cdaa2e71bb6ba06672bd9203455552358017505685827240b2e47,8000000,3,500,482,0.964,0.9438156730319722,0.9771089390197072,21.9,100.0,0.746,0.746,0.0,6.068,0.528,0.5751226779947318,1.6786067620359717,"{""contract_expired"": 2, ""integrity_lost"": 16}"
521c449a8bd9a540977a918f5b094dd3aeff44cc579a55f75e22a74bab20e129,76baa30af55cdaa2e71bb6ba06672bd9203455552358017505685827240b2e47,8000000,4,500,490,0.98,0.9635798167531208,0.9891008164037892,23.166666666666664,100.0,0.622,0.622,0.0,5.17,0.162,0.6781517420591038,1.6296010004665467,"{""integrity_lost"": 10}"
521c449a8bd9a540977a918f5b094dd3aeff44cc579a55f75e22a74bab20e129,76baa30af55cdaa2e71bb6ba06672bd9203455552358017505685827240b2e47,8000000,5,500,495,0.99,0.9768069002442693,0.9957212461034096,27.858333333333334,97.72869047619061,0.56,0.558,0.002,5.536,0.334,0.690078178510516,1.6285481726613478,"{""integrity_lost"": 5}"
521c449a8bd9a540977a918f5b094dd3aeff44cc579a55f75e22a74bab20e129,76baa30af55cdaa2e71bb6ba06672bd9203455552358017505685827240b2e47,8000000,6,500,448,0.896,0.8661557291243417,0.919805793230109,31.066666666666666,100.0,1.222,1.212,0.01,8.912,0.258,0.678316568775734,1.6247408729456403,"{""contract_expired"": 2, ""integrity_lost"": 50}"
