environment_fingerprint,checkpoint_sha256,validation_offset,tier,episodes,successes,success_rate,wilson_low,wilson_high,failure_reasons_json,mean_damage,mean_detections,median_duration_seconds,mean_path_efficiency,mean_policy_latency_ms,median_episode_policy_latency_ms,p95_episode_mean_policy_latency_ms
17d8617fd92015dc5a00b5314558fc7c0ff957685b12966efa5253806463739b,458aa28d14b0829481a56c96dcc97a9ab9af2c463c15beef94d4c3e86ab59deb,7400,1,200,199,0.995,0.9722262956021069,0.9991168312843989,"{""contract_expired"": 1}",0.0,0.0,13.116666666666667,0.7032627123713843,1.1155620406732116,1.148975,1.2120442279661015
17d8617fd92015dc5a00b5314558fc7c0ff957685b12966efa5253806463739b,458aa28d14b0829481a56c96dcc97a9ab9af2c463c15beef94d4c3e86ab59deb,7400,2,200,197,0.985,0.9568342712073097,0.9948857622067417,"{""contract_expired"": 3}",0.0,0.445,11.833333333333334,0.8244198890657773,1.0961950365065993,1.0566749999999998,1.223352537767133
17d8617fd92015dc5a00b5314558fc7c0ff957685b12966efa5253806463739b,458aa28d14b0829481a56c96dcc97a9ab9af2c463c15beef94d4c3e86ab59deb,7400,3,200,197,0.985,0.9568342712073097,0.9948857622067417,"{""contract_expired"": 2, ""integrity_lost"": 1}",0.135,5.54,25.566666666666666,0.5292792014770284,1.2426254490914732,1.19815,1.5917497422644158
17d8617fd92015dc5a00b5314558fc7c0ff957685b12966efa5253806463739b,458aa28d14b0829481a56c96dcc97a9ab9af2c463c15beef94d4c3e86ab59deb,7400,4,200,195,0.975,0.942821659593358,0.9892752803482386,"{""contract_expired"": 5}",0.14,4.725,25.666666666666668,0.6567761113501885,1.1916707737987826,1.1736,1.2973051192120038
17d8617fd92015dc5a00b5314558fc7c0ff957685b12966efa5253806463739b,458aa28d14b0829481a56c96dcc97a9ab9af2c463c15beef94d4c3e86ab59deb,7400,5,200,194,0.97,0.9361057075454807,0.9861796856598887,"{""contract_expired"": 6}",0.265,4.945,28.891666666666666,0.7166460380039807,1.1849449536489423,1.1733250000000002,1.3060987089947083
17d8617fd92015dc5a00b5314558fc7c0ff957685b12966efa5253806463739b,458aa28d14b0829481a56c96dcc97a9ab9af2c463c15beef94d4c3e86ab59deb,7400,6,200,183,0.915,0.8681041292843443,0.9462542498225244,"{""contract_expired"": 10, ""integrity_lost"": 7}",0.62,12.815,42.541666666666664,0.5041723142985686,1.116854463430958,1.0719,1.2849075151958342
