environment_fingerprint,checkpoint_sha256,seed_start,tier,episodes,successes,success_rate,wilson_low,wilson_high,median_duration_seconds,median_max_trace,mean_damage,mean_guard_damage,mean_drone_damage,mean_detections,optional_data_rate,mean_path_efficiency,mean_policy_latency_ms,failure_reasons_json
17d8617fd92015dc5a00b5314558fc7c0ff957685b12966efa5253806463739b,458aa28d14b0829481a56c96dcc97a9ab9af2c463c15beef94d4c3e86ab59deb,7000000,1,500,490,0.98,0.9635798167531208,0.9891008164037892,13.308333333333334,59.913333333333334,0.0,0.0,0.0,0.0,0.668,0.7072255818537726,1.1077584646836243,"{""contract_expired"": 10}"
17d8617fd92015dc5a00b5314558fc7c0ff957685b12966efa5253806463739b,458aa28d14b0829481a56c96dcc97a9ab9af2c463c15beef94d4c3e86ab59deb,7000000,2,500,491,0.982,0.9661483290912607,0.990501806703803,12.141666666666666,59.913333333333334,0.0,0.0,0.0,0.47,0.07,0.8031339704634973,1.1096726282845462,"{""contract_expired"": 9}"
17d8617fd92015dc5a00b5314558fc7c0ff957685b12966efa5253806463739b,458aa28d14b0829481a56c96dcc97a9ab9af2c463c15beef94d4c3e86ab59deb,7000000,3,500,496,0.992,0.9796129641658948,0.9968846848199377,25.608333333333334,100.0,0.236,0.236,0.0,6.09,0.522,0.5182033542993677,1.0535724959238997,"{""contract_expired"": 3, ""integrity_lost"": 1}"
17d8617fd92015dc5a00b5314558fc7c0ff957685b12966efa5253806463739b,458aa28d14b0829481a56c96dcc97a9ab9af2c463c15beef94d4c3e86ab59deb,7000000,4,500,485,0.97,0.9510963331640543,0.9817367868020865,24.791666666666668,79.59333333333254,0.204,0.204,0.0,4.672,0.212,0.6619424631723525,1.0627440489180333,"{""contract_expired"": 15}"
17d8617fd92015dc5a00b5314558fc7c0ff957685b12966efa5253806463739b,458aa28d14b0829481a56c96dcc97a9ab9af2c463c15beef94d4c3e86ab59deb,7000000,5,500,479,0.958,0.9366484142456699,0.9723676898915483,29.4,74.09059523809529,0.238,0.228,0.01,5.1,0.31,0.6938886750098685,1.002737447292392,"{""contract_expired"": 20, ""integrity_lost"": 1}"
17d8617fd92015dc5a00b5314558fc7c0ff957685b12966efa5253806463739b,458aa28d14b0829481a56c96dcc97a9ab9af2c463c15beef94d4c3e86ab59deb,7000000,6,500,474,0.948,0.9248988560621544,0.9642697348842947,40.50833333333333,100.0,0.554,0.464,0.09,11.766,0.276,0.5152432895576147,1.1273187535101254,"{""contract_expired"": 18, ""integrity_lost"": 8}"
