environment_fingerprint,checkpoint_sha256,validation_offset,tier,episodes,successes,success_rate,wilson_low,wilson_high,failure_reasons_json,mean_damage,mean_detections,median_duration_seconds,mean_path_efficiency,mean_policy_latency_ms,median_episode_policy_latency_ms,p95_episode_mean_policy_latency_ms
17d8617fd92015dc5a00b5314558fc7c0ff957685b12966efa5253806463739b,458aa28d14b0829481a56c96dcc97a9ab9af2c463c15beef94d4c3e86ab59deb,7600,1,200,196,0.98,0.9497129130941735,0.9921955735836505,"{""contract_expired"": 4}",0.0,0.0,13.366666666666667,0.7021712541064394,1.1316260016811432,1.153425,1.2700613711755233
17d8617fd92015dc5a00b5314558fc7c0ff957685b12966efa5253806463739b,458aa28d14b0829481a56c96dcc97a9ab9af2c463c15beef94d4c3e86ab59deb,7600,2,200,200,1.0,0.9811546736227335,1.0,{},0.0,0.62,12.433333333333334,0.8045648704973971,1.2454850136558722,1.23555,1.4513957848921277
17d8617fd92015dc5a00b5314558fc7c0ff957685b12966efa5253806463739b,458aa28d14b0829481a56c96dcc97a9ab9af2c463c15beef94d4c3e86ab59deb,7600,3,200,198,0.99,0.9642782382838231,0.9972533418664555,"{""integrity_lost"": 2}",0.165,6.095,23.916666666666668,0.5190220171312662,1.2883889093876393,1.1928,1.6450531662781662
17d8617fd92015dc5a00b5314558fc7c0ff957685b12966efa5253806463739b,458aa28d14b0829481a56c96dcc97a9ab9af2c463c15beef94d4c3e86ab59deb,7600,4,200,195,0.975,0.942821659593358,0.9892752803482386,"{""contract_expired"": 4, ""integrity_lost"": 1}",0.225,4.755,24.2,0.6674846120484795,1.3785607496104897,1.272175,1.8976408961791145
17d8617fd92015dc5a00b5314558fc7c0ff957685b12966efa5253806463739b,458aa28d14b0829481a56c96dcc97a9ab9af2c463c15beef94d4c3e86ab59deb,7600,5,200,193,0.965,0.9295293884777092,0.9829444579914328,"{""contract_expired"": 6, ""integrity_lost"": 1}",0.265,5.045,29.258333333333333,0.6965619874716755,1.1804819739432784,1.1724,1.4364949220134704
17d8617fd92015dc5a00b5314558fc7c0ff957685b12966efa5253806463739b,458aa28d14b0829481a56c96dcc97a9ab9af2c463c15beef94d4c3e86ab59deb,7600,6,200,189,0.945,0.9042130012276914,0.9690146582965411,"{""contract_expired"": 6, ""integrity_lost"": 5}",0.62,12.345,45.63333333333333,0.49136664986747824,1.09925854861335,1.128775,1.3032631605864706
