environment_fingerprint,checkpoint_sha256,validation_offset,tier,episodes,successes,success_rate,wilson_low,wilson_high,failure_reasons_json,mean_damage,mean_detections,median_duration_seconds,mean_path_efficiency,mean_policy_latency_ms,median_episode_policy_latency_ms,p95_episode_mean_policy_latency_ms
521c449a8bd9a540977a918f5b094dd3aeff44cc579a55f75e22a74bab20e129,76baa30af55cdaa2e71bb6ba06672bd9203455552358017505685827240b2e47,6900,1,100,100,1.0,0.9630065017930143,1.0,{},0.0,0.0,13.225,0.705992966555805,1.5737385986702712,1.529375,1.7505747883244205
521c449a8bd9a540977a918f5b094dd3aeff44cc579a55f75e22a74bab20e129,76baa30af55cdaa2e71bb6ba06672bd9203455552358017505685827240b2e47,6900,2,100,100,1.0,0.9630065017930143,1.0,{},0.0,0.65,12.358333333333334,0.7819313946899301,1.6447679091259146,1.58705,1.8109018143236073
521c449a8bd9a540977a918f5b094dd3aeff44cc579a55f75e22a74bab20e129,76baa30af55cdaa2e71bb6ba06672bd9203455552358017505685827240b2e47,6900,3,100,96,0.96,0.9016292856411208,0.9843366960084523,"{""integrity_lost"": 4}",0.82,6.64,22.43333333333333,0.5616327704331525,1.656373161627473,1.588925,1.7963177212655186
521c449a8bd9a540977a918f5b094dd3aeff44cc579a55f75e22a74bab20e129,76baa30af55cdaa2e71bb6ba06672bd9203455552358017505685827240b2e47,6900,4,100,99,0.99,0.9455138038212946,0.9982325679358593,"{""integrity_lost"": 1}",0.63,4.97,22.96666666666667,0.6604628384877216,1.6648202475793603,1.6048,1.7543730809716598
521c449a8bd9a540977a918f5b094dd3aeff44cc579a55f75e22a74bab20e129,76baa30af55cdaa2e71bb6ba06672bd9203455552358017505685827240b2e47,6900,5,100,99,0.99,0.9455138038212946,0.9982325679358593,"{""integrity_lost"": 1}",0.56,5.09,27.299999999999997,0.7259455568863451,1.636961614434285,1.5829,1.7407350613572217
521c449a8bd9a540977a918f5b094dd3aeff44cc579a55f75e22a74bab20e129,76baa30af55cdaa2e71bb6ba06672bd9203455552358017505685827240b2e47,6900,6,100,86,0.86,0.7786281178903616,0.9147365634006086,"{""integrity_lost"": 14}",1.21,9.18,31.700000000000003,0.6632759660773752,1.499594995729139,1.5498,1.71121390066325
