environment_fingerprint,checkpoint_sha256,validation_offset,tier,episodes,successes,success_rate,wilson_low,wilson_high,failure_reasons_json,mean_damage,mean_detections,median_duration_seconds,mean_path_efficiency,mean_policy_latency_ms,median_episode_policy_latency_ms,p95_episode_mean_policy_latency_ms
521c449a8bd9a540977a918f5b094dd3aeff44cc579a55f75e22a74bab20e129,76baa30af55cdaa2e71bb6ba06672bd9203455552358017505685827240b2e47,6700,1,100,99,0.99,0.9455138038212946,0.9982325679358593,"{""contract_expired"": 1}",0.0,0.0,12.825,0.7173521909362237,1.5517063824008692,1.49005,1.8391288620552007
521c449a8bd9a540977a918f5b094dd3aeff44cc579a55f75e22a74bab20e129,76baa30af55cdaa2e71bb6ba06672bd9203455552358017505685827240b2e47,6700,2,100,99,0.99,0.9455138038212946,0.9982325679358593,"{""contract_expired"": 1}",0.0,0.43,12.058333333333334,0.804262193696202,1.633816428414339,1.57465,1.8144019294655753
521c449a8bd9a540977a918f5b094dd3aeff44cc579a55f75e22a74bab20e129,76baa30af55cdaa2e71bb6ba06672bd9203455552358017505685827240b2e47,6700,3,100,96,0.96,0.9016292856411208,0.9843366960084523,"{""integrity_lost"": 4}",0.78,5.66,21.183333333333334,0.5794504351894694,1.6595141822623565,1.605675,1.7484223116518924
521c449a8bd9a540977a918f5b094dd3aeff44cc579a55f75e22a74bab20e129,76baa30af55cdaa2e71bb6ba06672bd9203455552358017505685827240b2e47,6700,4,100,99,0.99,0.9455138038212946,0.9982325679358593,"{""integrity_lost"": 1}",0.63,5.34,24.90833333333333,0.6492938772837874,1.6493414961409063,1.590675,1.759273663034011
521c449a8bd9a540977a918f5b094dd3aeff44cc579a55f75e22a74bab20e129,76baa30af55cdaa2e71bb6ba06672bd9203455552358017505685827240b2e47,6700,5,100,99,0.99,0.9455138038212946,0.9982325679358593,"{""integrity_lost"": 1}",0.67,5.48,28.25,0.6922594311101947,1.6420806208410024,1.58285,1.784314620742853
521c449a8bd9a540977a918f5b094dd3aeff44cc579a55f75e22a74bab20e129,76baa30af55cdaa2e71bb6ba06672bd9203455552358017505685827240b2e47,6700,6,100,85,0.85,0.7671644040916763,0.9069401471634337,"{""integrity_lost"": 15}",1.31,8.77,29.358333333333334,0.6742643726827394,1.5414105934727402,1.55695,1.7132086576438388
