environment_fingerprint,checkpoint_sha256,validation_offset,tier,episodes,successes,success_rate,wilson_low,wilson_high,failure_reasons_json,mean_damage,mean_detections,median_duration_seconds,mean_path_efficiency,mean_policy_latency_ms,median_episode_policy_latency_ms,p95_episode_mean_policy_latency_ms
17d8617fd92015dc5a00b5314558fc7c0ff957685b12966efa5253806463739b,16035e3dd0bb259490e5f9d2a4b27ed13c5df75c112a90c7e7ffba6e532e13c5,3200,1,100,93,0.93,0.8625048526092651,0.9656807389327273,"{""contract_expired"": 7}",0.0,0.0,13.2,0.7266422499022737,1.062203556851312,1.016475,1.1713489176295517
17d8617fd92015dc5a00b5314558fc7c0ff957685b12966efa5253806463739b,16035e3dd0bb259490e5f9d2a4b27ed13c5df75c112a90c7e7ffba6e532e13c5,3200,2,100,94,0.94,0.8752318455410406,0.9722138760368118,"{""contract_expired"": 6}",0.0,0.62,12.783333333333333,0.817629204058118,1.0934512214111922,1.033575,1.2011014210066069
17d8617fd92015dc5a00b5314558fc7c0ff957685b12966efa5253806463739b,16035e3dd0bb259490e5f9d2a4b27ed13c5df75c112a90c7e7ffba6e532e13c5,3200,3,100,95,0.95,0.8882495307680808,0.9784563208456319,"{""contract_expired"": 4, ""integrity_lost"": 1}",0.31,6.05,27.933333333333334,0.49971934886427927,1.1266113203883494,1.0758,1.2189122922197264
17d8617fd92015dc5a00b5314558fc7c0ff957685b12966efa5253806463739b,16035e3dd0bb259490e5f9d2a4b27ed13c5df75c112a90c7e7ffba6e532e13c5,3200,4,100,97,0.97,0.9154806357094724,0.9897454759759611,"{""contract_expired"": 3}",0.19,5.23,25.233333333333334,0.6485736490737021,1.1523072245710022,1.140475,1.2305563793717615
17d8617fd92015dc5a00b5314558fc7c0ff957685b12966efa5253806463739b,16035e3dd0bb259490e5f9d2a4b27ed13c5df75c112a90c7e7ffba6e532e13c5,3200,5,100,92,0.92,0.8500189229905127,0.9589065385156194,"{""contract_expired"": 8}",0.39,5.62,32.525,0.6603215666078414,1.1647022471255437,1.191625,1.2413756643874645
17d8617fd92015dc5a00b5314558fc7c0ff957685b12966efa5253806463739b,16035e3dd0bb259490e5f9d2a4b27ed13c5df75c112a90c7e7ffba6e532e13c5,3200,6,100,81,0.81,0.7222115462093562,0.8748524849023126,"{""contract_expired"": 13, ""integrity_lost"": 6}",0.71,13.5,53.925,0.42384297802743276,1.1356855394910075,1.164225,1.2348014707512023
