environment_fingerprint,checkpoint_sha256,validation_offset,tier,episodes,successes,success_rate,wilson_low,wilson_high,failure_reasons_json,mean_damage,mean_detections,median_duration_seconds,mean_path_efficiency,mean_policy_latency_ms,median_episode_policy_latency_ms,p95_episode_mean_policy_latency_ms
17d8617fd92015dc5a00b5314558fc7c0ff957685b12966efa5253806463739b,ad0b65d9c4f4859c8324a14f8461eeab8dae0f5f594103bfcbe39415912561e9,3400,1,100,95,0.95,0.8882495307680808,0.9784563208456319,"{""contract_expired"": 5}",0.0,0.0,13.383333333333333,0.7147083107223002,1.1604242234417064,1.1747999999999998,1.2735296534763312
17d8617fd92015dc5a00b5314558fc7c0ff957685b12966efa5253806463739b,ad0b65d9c4f4859c8324a14f8461eeab8dae0f5f594103bfcbe39415912561e9,3400,2,100,94,0.94,0.8752318455410406,0.9722138760368118,"{""contract_expired"": 6}",0.0,0.57,13.058333333333334,0.7890925649080911,1.1608029341170707,1.19075,1.3221252280262745
17d8617fd92015dc5a00b5314558fc7c0ff957685b12966efa5253806463739b,ad0b65d9c4f4859c8324a14f8461eeab8dae0f5f594103bfcbe39415912561e9,3400,3,100,100,1.0,0.9630065017930143,1.0,{},0.35,6.67,28.7,0.4752165167377337,1.1685451828808446,1.16325,1.2417091562764642
17d8617fd92015dc5a00b5314558fc7c0ff957685b12966efa5253806463739b,ad0b65d9c4f4859c8324a14f8461eeab8dae0f5f594103bfcbe39415912561e9,3400,4,100,92,0.92,0.8500189229905127,0.9589065385156194,"{""contract_expired"": 8}",0.26,5.11,26.78333333333333,0.6383623063623649,1.1408927031590281,1.1108500000000001,1.219792530514385
17d8617fd92015dc5a00b5314558fc7c0ff957685b12966efa5253806463739b,ad0b65d9c4f4859c8324a14f8461eeab8dae0f5f594103bfcbe39415912561e9,3400,5,100,90,0.9,0.8256343384950865,0.9447708629393249,"{""contract_expired"": 10}",0.33,5.61,30.116666666666667,0.6851705553562052,1.1297161007061713,1.1035249999999999,1.2103395005604514
17d8617fd92015dc5a00b5314558fc7c0ff957685b12966efa5253806463739b,ad0b65d9c4f4859c8324a14f8461eeab8dae0f5f594103bfcbe39415912561e9,3400,6,100,91,0.91,0.837737871472837,0.9519274599974348,"{""contract_expired"": 4, ""integrity_lost"": 5}",0.58,13.35,48.45833333333333,0.4328561317034791,1.1428830244845158,1.13355,1.2455030626164874
