environment_fingerprint,checkpoint_sha256,validation_offset,tier,episodes,successes,success_rate,wilson_low,wilson_high,failure_reasons_json,mean_damage,mean_detections,median_duration_seconds,mean_path_efficiency,mean_policy_latency_ms,median_episode_policy_latency_ms,p95_episode_mean_policy_latency_ms
17d8617fd92015dc5a00b5314558fc7c0ff957685b12966efa5253806463739b,0ef80ee967a1118a1ca6a212dd54ff14164c433ddfc25e015a236993c8b93e8d,3600,1,100,97,0.97,0.9154806357094724,0.9897454759759611,"{""contract_expired"": 3}",0.0,0.0,12.783333333333333,0.7301571817752227,1.0020195198522623,0.9610000000000001,1.0911733101965877
17d8617fd92015dc5a00b5314558fc7c0ff957685b12966efa5253806463739b,0ef80ee967a1118a1ca6a212dd54ff14164c433ddfc25e015a236993c8b93e8d,3600,2,100,96,0.96,0.9016292856411208,0.9843366960084523,"{""contract_expired"": 4}",0.0,0.61,12.125,0.7837314089132343,1.0007256669987823,0.9606,1.0669931320290533
17d8617fd92015dc5a00b5314558fc7c0ff957685b12966efa5253806463739b,0ef80ee967a1118a1ca6a212dd54ff14164c433ddfc25e015a236993c8b93e8d,3600,3,100,100,1.0,0.9630065017930143,1.0,{},0.26,6.6,27.75,0.4740311783921949,1.0493203032047593,1.0022250000000001,1.0964281210774056
17d8617fd92015dc5a00b5314558fc7c0ff957685b12966efa5253806463739b,0ef80ee967a1118a1ca6a212dd54ff14164c433ddfc25e015a236993c8b93e8d,3600,4,100,94,0.94,0.8752318455410406,0.9722138760368118,"{""contract_expired"": 6}",0.2,5.2,26.53333333333333,0.6197061256431682,1.042650785216362,1.0007000000000001,1.099766418918919
17d8617fd92015dc5a00b5314558fc7c0ff957685b12966efa5253806463739b,0ef80ee967a1118a1ca6a212dd54ff14164c433ddfc25e015a236993c8b93e8d,3600,5,100,97,0.97,0.9154806357094724,0.9897454759759611,"{""contract_expired"": 3}",0.3,5.2,29.475,0.6789363374012342,1.0350773838200666,0.993425,1.0870385495586248
17d8617fd92015dc5a00b5314558fc7c0ff957685b12966efa5253806463739b,0ef80ee967a1118a1ca6a212dd54ff14164c433ddfc25e015a236993c8b93e8d,3600,6,100,87,0.87,0.7901964855992357,0.9224283257275948,"{""contract_expired"": 7, ""integrity_lost"": 6}",0.73,17.15,71.475,0.3539010073458603,1.0217270539824244,1.0,1.0955084464569116
