environment_fingerprint,checkpoint_sha256,validation_offset,tier,episodes,successes,success_rate,wilson_low,wilson_high,failure_reasons_json,mean_damage,mean_detections,median_duration_seconds,mean_path_efficiency,mean_policy_latency_ms,median_episode_policy_latency_ms,p95_episode_mean_policy_latency_ms
17d8617fd92015dc5a00b5314558fc7c0ff957685b12966efa5253806463739b,ad0b65d9c4f4859c8324a14f8461eeab8dae0f5f594103bfcbe39415912561e9,3800,1,50,48,0.96,0.8653990931249297,0.9889611156723802,"{""contract_expired"": 2}",0.0,0.0,12.583333333333332,0.7318446545604945,1.2967661370056498,1.2442,1.489419619453785
17d8617fd92015dc5a00b5314558fc7c0ff957685b12966efa5253806463739b,ad0b65d9c4f4859c8324a14f8461eeab8dae0f5f594103bfcbe39415912561e9,3800,2,50,48,0.96,0.8653990931249297,0.9889611156723802,"{""contract_expired"": 2}",0.0,0.5,12.541666666666666,0.7995638129992604,1.2490302430555555,1.2272250000000002,1.4197620058139533
17d8617fd92015dc5a00b5314558fc7c0ff957685b12966efa5253806463739b,ad0b65d9c4f4859c8324a14f8461eeab8dae0f5f594103bfcbe39415912561e9,3800,3,50,45,0.9,0.7863976856252035,0.9565242350681096,"{""contract_expired"": 2, ""integrity_lost"": 3}",0.46,6.24,24.84166666666667,0.5167940486108421,1.3548082905484249,1.32765,1.4675552570093457
17d8617fd92015dc5a00b5314558fc7c0ff957685b12966efa5253806463739b,ad0b65d9c4f4859c8324a14f8461eeab8dae0f5f594103bfcbe39415912561e9,3800,4,50,49,0.98,0.8950455641036219,0.9964607407283539,"{""contract_expired"": 1}",0.14,5.26,26.191666666666666,0.6205112439039618,1.3018544832624865,1.277125,1.3684598539518902
17d8617fd92015dc5a00b5314558fc7c0ff957685b12966efa5253806463739b,ad0b65d9c4f4859c8324a14f8461eeab8dae0f5f594103bfcbe39415912561e9,3800,5,50,46,0.92,0.8116175308165717,0.968450485911407,"{""contract_expired"": 3, ""integrity_lost"": 1}",0.28,6.5,30.200000000000003,0.6589084090863764,1.2688246249184605,1.24895,1.3408236871641175
17d8617fd92015dc5a00b5314558fc7c0ff957685b12966efa5253806463739b,ad0b65d9c4f4859c8324a14f8461eeab8dae0f5f594103bfcbe39415912561e9,3800,6,50,47,0.94,0.8378290831116182,0.979385029651026,"{""contract_expired"": 2, ""integrity_lost"": 1}",0.54,13.32,49.53333333333333,0.4685289777926171,1.2566864619678997,1.257775,1.3577808939129092
